{
    "input_size": [
        224,
        224
    ],
    "classes": [
        "A",
        "F",
        "L",
        "Y"
    ],
    "evaluation_date": "2025-09-09 21:52:38",
    "test_results": [
        1.3222150802612305,
        0.6734693646430969,
        0.9401243329048157
    ]
}